{
    "name": "root",
    "gauges": {
        "3DBall.Policy.Entropy.mean": {
            "value": 1.2190914154052734,
            "min": 1.2190914154052734,
            "max": 1.225774884223938,
            "count": 7
        },
        "3DBall.Policy.Entropy.sum": {
            "value": 14746.1298828125,
            "min": 14299.02734375,
            "max": 16474.4140625,
            "count": 7
        },
        "3DBall.Environment.EpisodeLength.mean": {
            "value": 22.757396449704142,
            "min": 22.374269005847953,
            "max": 23.56967213114754,
            "count": 7
        },
        "3DBall.Environment.EpisodeLength.sum": {
            "value": 11538.0,
            "min": 10342.0,
            "max": 11538.0,
            "count": 7
        },
        "3DBall.Step.mean": {
            "value": 491996.0,
            "min": 419996.0,
            "max": 491996.0,
            "count": 7
        },
        "3DBall.Step.sum": {
            "value": 491996.0,
            "min": 419996.0,
            "max": 491996.0,
            "count": 7
        },
        "3DBall.Policy.ExtrinsicValueEstimate.mean": {
            "value": 0.33635008335113525,
            "min": 0.2611495852470398,
            "max": 0.35379061102867126,
            "count": 7
        },
        "3DBall.Policy.ExtrinsicValueEstimate.sum": {
            "value": 170.19314575195312,
            "min": 119.86766052246094,
            "max": 175.4801483154297,
            "count": 7
        },
        "3DBall.Environment.CumulativeReward.mean": {
            "value": 1.2750987667340064,
            "min": 1.2348927552239937,
            "max": 1.3563524074241764,
            "count": 7
        },
        "3DBall.Environment.CumulativeReward.sum": {
            "value": 645.1999759674072,
            "min": 573.099978685379,
            "max": 661.899974822998,
            "count": 7
        },
        "3DBall.Policy.ExtrinsicReward.mean": {
            "value": 1.2750987667340064,
            "min": 1.2348927552239937,
            "max": 1.3563524074241764,
            "count": 7
        },
        "3DBall.Policy.ExtrinsicReward.sum": {
            "value": 645.1999759674072,
            "min": 573.099978685379,
            "max": 661.899974822998,
            "count": 7
        },
        "3DBall.IsTraining.mean": {
            "value": 1.0,
            "min": 1.0,
            "max": 1.0,
            "count": 7
        },
        "3DBall.IsTraining.sum": {
            "value": 1.0,
            "min": 1.0,
            "max": 1.0,
            "count": 7
        },
        "3DBall.Losses.PolicyLoss.mean": {
            "value": 0.10310778932989384,
            "min": 0.09510284285069362,
            "max": 0.10310778932989384,
            "count": 6
        },
        "3DBall.Losses.PolicyLoss.sum": {
            "value": 0.10310778932989384,
            "min": 0.09510284285069362,
            "max": 0.10310778932989384,
            "count": 6
        },
        "3DBall.Losses.ValueLoss.mean": {
            "value": 0.6989420701003244,
            "min": 0.6388264671897719,
            "max": 0.7913923930781835,
            "count": 6
        },
        "3DBall.Losses.ValueLoss.sum": {
            "value": 0.6989420701003244,
            "min": 0.6388264671897719,
            "max": 0.7913923930781835,
            "count": 6
        },
        "3DBall.Policy.LearningRate.mean": {
            "value": 1.11564962812e-05,
            "min": 1.11564962812e-05,
            "max": 4.7262684245799997e-05,
            "count": 6
        },
        "3DBall.Policy.LearningRate.sum": {
            "value": 1.11564962812e-05,
            "min": 1.11564962812e-05,
            "max": 4.7262684245799997e-05,
            "count": 6
        },
        "3DBall.Policy.Epsilon.mean": {
            "value": 0.1037188,
            "min": 0.1037188,
            "max": 0.11575419999999999,
            "count": 6
        },
        "3DBall.Policy.Epsilon.sum": {
            "value": 0.1037188,
            "min": 0.1037188,
            "max": 0.11575419999999999,
            "count": 6
        },
        "3DBall.Policy.Beta.mean": {
            "value": 4.6816119999999995e-05,
            "min": 4.6816119999999995e-05,
            "max": 0.00016596657999999994,
            "count": 6
        },
        "3DBall.Policy.Beta.sum": {
            "value": 4.6816119999999995e-05,
            "min": 4.6816119999999995e-05,
            "max": 0.00016596657999999994,
            "count": 6
        }
    },
    "metadata": {
        "timer_format_version": "0.1.0",
        "start_time_seconds": "1716113180",
        "python_version": "3.9.12 (main, Apr  4 2022, 05:22:27) [MSC v.1916 64 bit (AMD64)]",
        "command_line_arguments": "F:\\Anaconda\\envs\\py3.9\\Scripts\\mlagents-learn config/ppo/3DBall.yaml --run-id=3DBall_run01 --resume",
        "mlagents_version": "0.30.0",
        "mlagents_envs_version": "0.30.0",
        "communication_protocol_version": "1.5.0",
        "pytorch_version": "2.1.0+cu121",
        "numpy_version": "1.21.2",
        "end_time_seconds": "1716113313"
    },
    "total": 133.2126652,
    "count": 1,
    "self": 0.008408500000001595,
    "children": {
        "run_training.setup": {
            "total": 0.10191490000000014,
            "count": 1,
            "self": 0.10191490000000014
        },
        "TrainerController.start_learning": {
            "total": 133.1023418,
            "count": 1,
            "self": 0.053634400000163396,
            "children": {
                "TrainerController._reset_env": {
                    "total": 10.3634374,
                    "count": 1,
                    "self": 10.3634374
                },
                "TrainerController.advance": {
                    "total": 122.62697559999982,
                    "count": 2015,
                    "self": 0.04708519999978478,
                    "children": {
                        "env_step": {
                            "total": 50.58705910000003,
                            "count": 2015,
                            "self": 49.31002539999988,
                            "children": {
                                "SubprocessEnvManager._take_step": {
                                    "total": 1.250105600000115,
                                    "count": 2015,
                                    "self": 0.09688250000029797,
                                    "children": {
                                        "TorchPolicy.evaluate": {
                                            "total": 1.153223099999817,
                                            "count": 487,
                                            "self": 1.153223099999817
                                        }
                                    }
                                },
                                "workers": {
                                    "total": 0.026928100000038313,
                                    "count": 2015,
                                    "self": 0.0,
                                    "children": {
                                        "worker_root": {
                                            "total": 123.09340080000004,
                                            "count": 2015,
                                            "is_parallel": true,
                                            "self": 78.7298976999999,
                                            "children": {
                                                "steps_from_proto": {
                                                    "total": 0.00156210000000101,
                                                    "count": 1,
                                                    "is_parallel": true,
                                                    "self": 0.0004199000000024711,